Bdd;Table
Base_Administration;Base
Base_Administration;Chemin
Base_Administration;Colonne_Formulaire
Base_Administration;Droits
Base_Administration;Format_Sous_Form
Base_Administration;Heures_Saisie_Assistante_Date
Base_Administration;Liaison_Bases
Base_Administration;Licence
Base_Administration;Liste_Table
Base_Administration;Message_Ouverture
Base_Administration;Parametre
Base_Administration;Parametre_Ouverture
Base_Administration;Parametre_Traitement
Base_Administration;Session_Externe
Base_Administration;Session_Externe_Application
Base_Administration;Table_Base
Base_Administration;Template_GMAO
Base_Administration;Type_Application
Base_Administration;Version
Base_Administration;Version_AEF
Base_Aide;Aide
Base_Aide;Aide_NextCloud
Base_Amelioration;Amelioration
Base_Amelioration;Amelioration_Doc
Base_Amelioration;Chapitre
Base_Amelioration;Demande_Attente
Base_Amelioration;Developpeur
Base_Amelioration;Lien_Application_Chapitre
Base_Amelioration;Type_Demande
Base_Article;Article
Base_Article;Article_Detail
Base_Article;Bible
Base_Article;Bible_Droits
Base_Article;C2E
Base_Article;Chapitre
Base_Article;Complement_Ligne
Base_Article;Definition_Tx
Base_Article;Devis
Base_Article;Document_Devis
Base_Article;Ensemble
Base_Article;Famille_Article
Base_Article;Famille_Droits
Base_Article;Groupe_Ensemble
Base_Article;Ligne_Dechet
Base_Article;Ligne_Devis
Base_Article;Ligne_Ensemble
Base_Article;Tx_Horaire
Base_Article_Altup;Article
Base_Article_Altup;Article_Detail
Base_Article_Altup;Bible
Base_Article_Altup;Bible_Droits
Base_Article_Altup;C2E
Base_Article_Altup;Chapitre
Base_Article_Altup;Complement_Ligne
Base_Article_Altup;Definition_Tx
Base_Article_Altup;Devis
Base_Article_Altup;Document_Devis
Base_Article_Altup;Ensemble
Base_Article_Altup;Famille_Article
Base_Article_Altup;Famille_Droits
Base_Article_Altup;Groupe_Ensemble
Base_Article_Altup;Ligne_Dechet
Base_Article_Altup;Ligne_Devis
Base_Article_Altup;Ligne_Ensemble
Base_Article_Altup;Tx_Horaire
Base_Article_EI;Article
Base_Article_EI;Article_Detail
Base_Article_EI;Bible
Base_Article_EI;Bible_Droits
Base_Article_EI;C2E
Base_Article_EI;Chapitre
Base_Article_EI;Complement_Ligne
Base_Article_EI;Definition_Tx
Base_Article_EI;Devis
Base_Article_EI;Document_Devis
Base_Article_EI;Ensemble
Base_Article_EI;Famille_Article
Base_Article_EI;Famille_Droits
Base_Article_EI;Groupe_Ensemble
Base_Article_EI;Ligne_Dechet
Base_Article_EI;Ligne_Devis
Base_Article_EI;Ligne_Ensemble
Base_Article_EI;Table des erreurs
Base_Article_EI;Tx_Horaire
Base_Article_Largier;Article
Base_Article_Largier;Article_Detail
Base_Article_Largier;Bible
Base_Article_Largier;Bible_Droits
Base_Article_Largier;C2E
Base_Article_Largier;Chapitre
Base_Article_Largier;Complement_Ligne
Base_Article_Largier;Definition_Tx
Base_Article_Largier;Devis
Base_Article_Largier;Document_Devis
Base_Article_Largier;Ensemble
Base_Article_Largier;Famille_Article
Base_Article_Largier;Famille_Droits
Base_Article_Largier;Groupe_Ensemble
Base_Article_Largier;Ligne_Dechet
Base_Article_Largier;Ligne_Devis
Base_Article_Largier;Ligne_Ensemble
Base_Article_Largier;Tx_Horaire
Base_Article_Somethy;Article
Base_Article_Somethy;Article_Detail
Base_Article_Somethy;Bible
Base_Article_Somethy;Bible_Droits
Base_Article_Somethy;C2E
Base_Article_Somethy;Chapitre
Base_Article_Somethy;Complement_Ligne
Base_Article_Somethy;Definition_Tx
Base_Article_Somethy;Devis
Base_Article_Somethy;Document_Devis
Base_Article_Somethy;Ensemble
Base_Article_Somethy;Famille_Article
Base_Article_Somethy;Famille_Droits
Base_Article_Somethy;Groupe_Ensemble
Base_Article_Somethy;Ligne_Dechet
Base_Article_Somethy;Ligne_Devis
Base_Article_Somethy;Ligne_Ensemble
Base_Article_Somethy;Tx_Horaire
Base_Candidat;Alerte_Candidat
Base_Candidat;Annonce
Base_Candidat;Annonce_Diffusion
Base_Candidat;Bible_Annonce
Base_Candidat;Bible_Message
Base_Candidat;Candidat
Base_Candidat;Type_Annonce_Diffusion
Base_Candidat;Type_Canal
Base_Candidat;Type_Candidature
Base_Candidat;Type_Courrier
Base_Carnet_Sanitaire;Device
Base_Carnet_Sanitaire;SMesure
Base_Carnet_Sanitaire;Bassin
Base_Carnet_Sanitaire;Circuit
Base_Carnet_Sanitaire;Mesure
Base_Carnet_Sanitaire;Personne
Base_Carnet_Sanitaire;Site
Base_Carnet_Sanitaire;Type_Tubidite
Base_Chat;Chat
Base_Chat;Chat_Discussion
Base_Chat;Chat_Personne
Base_Cible;Cible
Base_Cible;Contact_Cible
Base_Cible;Lien_Contact_Cible
Base_Cible;Type_Suite
Base_Compta;Client_Intra_Groupe
Base_Compta;Facture_Client_Notes
Base_Compta;Lien_ASS_Compte
Base_Compta;Lien_Societe_Base_Compta
Base_Compta;Lien_ST_Compta
Base_Compta;Notes_Internes
Base_Compta;Connexion_Logiciel
Base_Conso;Consommation
Base_Conso;Modele_Import
Base_Conso;Modele_Import_Nature
Base_Conso;Modele_Import_Personne
Base_Contrats;Article_Contrat
Base_Contrats;Chapitre_CG_Contrat
Base_Contrats;Contrat
Base_Contrats;Inter_Contrat_Particulier
Base_Contrats;Ligne_Contrat
Base_Contrats;Saison
Base_Contrats;Type_Materiel
Base_Covid;Exclusion_Date
Base_Covid;Parametre
Base_Covid;Personnel_Covid19
Base_Covid;Personnel_Etat
Base_Covid;Question
Base_Covid;Type_Exclusion
Base_CRM;Commercial
Base_CRM;Projet
Base_CRM;Projet_Contact
Base_CRM;Projet_Suivi
Base_CRM;Type_Action
Base_CRM;Type_Contact
Base_CRM;Type_Contact_Famille
Base_CRM;Type_Contrat
Base_CRM;Type_Destination
Base_CRM;Type_Entreprise
Base_CRM;Type_Gamme
Base_CRM;Type_Livraison
Base_CRM;Type_Nature_Offre
Base_CRM;Type_Projet
Base_CRM;Type_SONCASE
Base_CRM;Type_Statut
Base_Devis_Param;Dechet
Base_Devis_Param;Devis_Avance
Base_Devis_Param;Ligne_Dechet
Base_Devis_Param;Ligne_Top
Base_Devis_Param;Parametre_Affichage
Base_Devis_Param;Tx_Horaire_Parametres
Base_Devis_Param;Type_Delai_Validite
Base_Devis_Param;Type_Entete_Devis
Base_Devis_Param;Type_Reglement
Base_Dossier_Technique;AD_Contrat
Base_Dossier_Technique;CR_Document
Base_Dossier_Technique;CR_Type_CR
Base_Dossier_Technique;DA_Dossier_Affaire
Base_Dossier_Technique;DA_Type_Dossier
Base_Dossier_Technique;DT_Boutons
Base_Dossier_Technique;DT_Maquette
Base_Dossier_Technique;DT_Maquette_Document
Base_Dossier_Technique;DT_Maquette_Document_Champ
Base_Dossier_Technique;DT_Organisation
Base_Dossier_Technique;DT_Type_Champ
Base_Dossier_Technique;DT_Type_Document
Base_Dossier_Technique;FT_Caracteristique
Base_Dossier_Technique;FT_Chapitrage
Base_Dossier_Technique;FT_Chapitre
Base_Dossier_Technique;FT_Fiche_Technique
Base_Dossier_Technique;FT_Lien
Base_Dossier_Technique;FT_Lien_Article_Materiel
Base_Dossier_Technique;FT_Lien_Ligne_Devis_Materiel
Base_Dossier_Technique;FT_Materiel
Base_Dossier_Technique;FT_Materiel_Caracteristique
Base_Dossier_Technique;FT_Materiel_Document
Base_Dossier_Technique;FT_Materiel_Localisation
Base_Dossier_Technique;FT_Materiel_MES
Base_Dossier_Technique;FT_Materiel_MES_Generalite
Base_Dossier_Technique;FT_Modele_Chapitre
Base_Dossier_Technique;FT_Modele_Marque
Base_Dossier_Technique;FT_PDF
Base_Dossier_Technique;FT_Signet_Chapitrage
Base_Dossier_Technique;FT_Sous_Chapitrage
Base_Dossier_Technique;FT_Type_Caracteristique
Base_Dossier_Technique;FT_Type_Etape
Base_Dossier_Technique;OL_Mes_Dossiers
Base_Dossier_Technique;OL_Mes_Dossiers_Favoris
Base_Fabrication;Affaire_Photo
Base_Fabrication;Choix_Donnees
Base_Fabrication;Devis_Photo
Base_Fabrication;Devis_Transfere
Base_Fabrication;Document
Base_Fabrication;Donnees_Elec
Base_Fabrication;Equipement
Base_Fabrication;Famille_Choix_Donnees
Base_Fabrication;Gamme
Base_Fabrication;Lien_Equipement_Destination
Base_Fabrication;Liste_Frere
Base_Fabrication;Liste_Image
Base_Fabrication;Modele
Base_Fabrication;Modele_Photo
Base_Fabrication;Notes_Globales
Base_Fabrication;Parametre_Affichage
Base_Fabrication;Specification
Base_Fabrication;Specification_Photo
Base_Fabrication;Type_Destination
Base_Facturation;BT
Base_Facturation;BT_Index
Base_Facturation;Cadre_Facturation_Affaire
Base_Facturation;Chapitre_Situation_Affaire
Base_Facturation;Chapitre_Situation_Affaire_Totaux
Base_Facturation;Compte_Revision
Base_Facturation;Detail_Situation_Affaire
Base_Facturation;DGD
Base_Facturation;Facture_Client_Prov
Base_Facturation;Lien_Inter_Facture_Prov
Base_Facturation;Lien_Intervention_Affaire_Situation
Base_Facturation;Lien_Param_Situation_Affaire
Base_Facturation;Ligne_Facture_Client_Prov
Base_Facturation;Param_Situation_Affaire
Base_Facturation;Param_Situation_Personne
Base_Facturation;Situation
Base_Facturation;Situation_Affaire
Base_Fonction_Notification;Fonction
Base_Fonction_Notification;Parametre_Fonction
Base_Gestionnaire_Bible_DT;FT_Chapitre
Base_Gestionnaire_Bible_DT;FT_Devis
Base_Gestionnaire_Bible_DT;FT_Devis_Ligne
Base_Gestionnaire_Bible_DT;FT_Devis_Materiel
Base_Gestionnaire_Bible_DT;FT_Document
Base_Gestionnaire_Bible_DT;FT_Lien_Aide
Base_Gestionnaire_Bible_DT;FT_Lien_Article_Materiel
Base_Gestionnaire_Bible_DT;FT_Materiel
Base_Gestionnaire_Bible_DT;FT_Materiel_Caracteristique
Base_Gestionnaire_Bible_DT;FT_Materiel_Document
Base_Gestionnaire_Bible_DT;FT_Personnel
Base_Gestionnaire_Bible_DT;FT_Type_Document
Base_Gestionnaire_Bible_DT;FT_Famille_Materiel
Base_GMAO;Administrateur
Base_GMAO;Affaire_GMAO
Base_GMAO;Affichage_Parametre
Base_GMAO;Article_Tache
Base_GMAO;Autorisation_Formulaire_exeption
Base_GMAO;Bible_Famille
Base_GMAO;Bible_Materiel
Base_GMAO;Chapitre
Base_GMAO;Contexte
Base_GMAO;Demande_Intervention
Base_GMAO;Document
Base_GMAO;Famille_Article
Base_GMAO;Famille_Document
Base_GMAO;Favori_Chapitre
Base_GMAO;Formulaire
Base_GMAO;Frequence
Base_GMAO;Idees
Base_GMAO;Intervenant
Base_GMAO;Intervenant_Exterieur
Base_GMAO;Intervention_Curative
Base_GMAO;Intervention_Preventive
Base_GMAO;Lien_Intervention_Intervenant
Base_GMAO;Liste_Formulaire
Base_GMAO;Localisation
Base_GMAO;Marque
Base_GMAO;Materiel
Base_GMAO;Materiel_Commande
Base_GMAO;Materiel_Document
Base_GMAO;Materiel_Facture
Base_GMAO;Materiel_Photo
Base_GMAO;Personnel_Externe
Base_GMAO;Schema
Base_GMAO;Schema_Objet
Base_GMAO;Schema_Objet_Points
Base_GMAO;Tache
Base_GMAO;Tags
Base_GMAO;Tags_Inter
Base_GMAO;Type_Affichage
Base_GMAO;Type_Document
Base_GMAO;Type_Etat_Demande
Base_GMAO;Type_Etat_GMAO
Base_GMAO;Type_Famille_Mesure
Base_GMAO;Type_Frequence
Base_GMAO;Type_Mesure
Base_GMAO;Type_Profil
Base_GMAO;Type_Tache
Base_GMAO;Type_Urgence_Demande
Base_GMAO;Version
Base_Intranet;Intervention
Base_Intranet;Personnel
Base_Lieu;Affaire_Lieu
Base_Lieu;Lieu
Base_Lieu;Ville
Base_MES;MES_Couleurs_Fournisseur
Base_MES;MES_Couleurs_Par_Defaut
Base_MES;MES_Couleurs_Personnel
Base_MES;MES_Info_Taches
Base_MES;MES_Taches
Base_Objectif;Detail_Liste_FGX
Base_Objectif;Frais_Generaux
Base_Objectif;Liste_Champ_FGX
Base_Objectif;Liste_FGX
Base_Objectif;Liste_vente_obj
Base_Objectif;Profil_FGX
Base_Objectif;Profil_separation_FGX
Base_pdf;Champ_Doc_Pdf
Base_pdf;Type_Doc_pdf
Base_PPSPS;PPSPS_Affaire
Base_PPSPS;PPSPS_Affaire_Effectif
Base_PPSPS;PPSPS_Affaire_Intervenant
Base_PPSPS;PPSPS_No_Utile_Affaire
Base_PPSPS;PPSPS_No_Utile_Defaut
Base_PPSPS;PPSPS_Organisme_Prevention_Affaire
Base_PPSPS;PPSPS_Organisme_Prevention_Defaut
Base_PPSPS;PPSPS_Organisme_Prevention_Site
Base_PPSPS;PPSPS_Type_Effectif
Base_Qualibat;Affaire_Qualibat
Base_Qualibat;Nomenclature
Base_Qualibat;Qualibat_Societe
Base_Site;Affaire_Site
Base_Site;Lien_Date_Materiel
Base_Site;Materiel
Base_Site;Parametre
Base_Site;Photo
Base_Site;Site
Base_Site;Site_Date_Inter
Base_Site;Type_Materiel
Base_Site;Type_Site
Base_Somethy;Installations_SAV
Base_Somethy;Intervention_Matériel
Base_Stock_Altup;Affaire_Stock
Base_Stock_Altup;Categorie_Ensemble
Base_Stock_Altup;Controle_Stock
Base_Stock_Altup;Ensemble
Base_Stock_Altup;Famille_Piece
Base_Stock_Altup;Fournisseur_Piece
Base_Stock_Altup;Lien_Piece_Materiel
Base_Stock_Altup;Lien_Super_Ensemble
Base_Stock_Altup;Ligne_Ensemble
Base_Stock_Altup;Localisation_Stock
Base_Stock_Altup;Mouvement_Piece
Base_Stock_Altup;Parametres_Stock
Base_Stock_Altup;Piece
Base_Stock_Altup;Plan_Agence
Base_Stock_Altup;Super_Ensemble
Base_Stock_Electro;Affaire_Stock
Base_Stock_Electro;Categorie_Ensemble
Base_Stock_Electro;Controle_Stock
Base_Stock_Electro;Ensemble
Base_Stock_Electro;Famille_Piece
Base_Stock_Electro;Fournisseur_Piece
Base_Stock_Electro;Lien_Piece_Materiel
Base_Stock_Electro;Lien_Super_Ensemble
Base_Stock_Electro;Ligne_Ensemble
Base_Stock_Electro;Localisation_Stock
Base_Stock_Electro;Mouvement_Piece
Base_Stock_Electro;Parametres
Base_Stock_Electro;Parametres_Stock
Base_Stock_Electro;Piece
Base_Stock_Electro;Plan_Agence
Base_Stock_Electro;Super_Ensemble
Base_Stock_Largier;Affaire_Stock
Base_Stock_Largier;Categorie_Ensemble
Base_Stock_Largier;Controle_Stock
Base_Stock_Largier;Ensemble
Base_Stock_Largier;Famille_Piece
Base_Stock_Largier;Fournisseur_Piece
Base_Stock_Largier;Lien_Piece_Materiel
Base_Stock_Largier;Lien_Super_Ensemble
Base_Stock_Largier;Ligne_Ensemble
Base_Stock_Largier;Localisation_Stock
Base_Stock_Largier;Mouvement_Piece
Base_Stock_Largier;Parametres_Stock
Base_Stock_Largier;Piece
Base_Stock_Largier;Plan_Agence
Base_Stock_Largier;Super_Ensemble
Base_Stock_Largier;Table des erreurs
Base_Stock_Somethy;Affaire_Stock
Base_Stock_Somethy;Categorie_Ensemble
Base_Stock_Somethy;Controle_Stock
Base_Stock_Somethy;Ensemble
Base_Stock_Somethy;Famille_Piece
Base_Stock_Somethy;Fournisseur_Piece
Base_Stock_Somethy;Lien_Piece_Materiel
Base_Stock_Somethy;Lien_Super_Ensemble
Base_Stock_Somethy;Ligne_Ensemble
Base_Stock_Somethy;Localisation_Stock
Base_Stock_Somethy;Mouvement_Piece
Base_Stock_Somethy;Parametres_Stock
Base_Stock_Somethy;Piece
Base_Stock_Somethy;Plan_Agence
Base_Stock_Somethy;Super_Ensemble
Base_Stock_Somethy;Table des erreurs
Base_Structure;Menu
Base_Structure;Base
Base_Structure;Table
Base_Synchro_MySQl;Implantation
Base_Synchro_MySQl;Societe
Base_Themes;Contact_Partenaire
Base_Themes;Departement
Base_Themes;Frequentation
Base_Themes;Partenaire
Base_Themes;Region
Base_Themes;Theme_Contact
Base_Themes;Theme_Indication
Base_Themes;Theme_Partenaire
Base_Themes;Type_Client
Base_Themes;Type_Etat_Partenaire
Base_Themes;Type_Indication_Therapeutique
Base_Themes;Type_Theme
Base_Themes;Ville
Base_Vote;Liste_Choix_Vote
Base_Vote;Votation
Base_Vote;Vote
Calculatrice;Calculatrice
Calculatrice;Tuyau
Calculatrice;Type_Tuyau
Ged;Document
Ged;Document_Groupe
Ged;Famille_Document
Ged;Type_Application
Ged;Type_Critere
Ged;Type_Document
Ged;Type_Document_Groupe
GMAO_GIE_Dynagroup;Nom_Site_Dynagroup
Notification;Fonction_Realise
Notification;Frequence_Diffusion
Notification;Liste_Diffusion
Notification;Lot_Notification
Notification;Notification
Notification;Redirection
Notification;Type_Application
Notification;Type_Diffusion
Statistiques;Connexion
Statistiques;Connexion_Logiciel
Statistiques;Envoi_SMS
Statistiques;Historique_Graph_CA
Statistiques;Historique_Graph_Carnet
Statistiques;Historique_Graph_Commercial
Statistiques;Historique_Graph_Equipe
Statistiques;Historique_Graph_Global
Statistiques;Historique_Graph_Resultat
Statistiques;Requete_OpenAI
Statistiques;Session
Statistiques;Type_In_Out
Statistiques;Type_Outil
Statistiques;Utilisation_Formulaire
Suivi_chantier_be2;Versioning base
Suivi_chantier_be2;Administrateur
Suivi_chantier_be2;Affaire
Suivi_chantier_be2;Affaire_A_Faire
Suivi_chantier_be2;Affaire_A_faire_Photo
Suivi_chantier_be2;Affaire_Bordereau
Suivi_chantier_be2;Affaire_Date_Facture
Suivi_chantier_be2;Affaire_GED
Suivi_chantier_be2;Affaire_Localisation
Suivi_chantier_be2;Affaire_Lot
Suivi_chantier_be2;Affaire_Meta_Affaire
Suivi_chantier_be2;Affaire_PJ
Suivi_chantier_be2;Affaire_ST
Suivi_chantier_be2;Alerte_Caution_RG
Suivi_chantier_be2;Alerte_Facture_Client
Suivi_chantier_be2;Alerte_Facture_Fournisseur
Suivi_chantier_be2;Alerte_Heures
Suivi_chantier_be2;Association_Facture_Commande_Connecte
Suivi_chantier_be2;Assurance
Suivi_chantier_be2;Astreinte
Suivi_chantier_be2;Attestation
Suivi_chantier_be2;Autorisation_Formulaire
Suivi_chantier_be2;Autorisation_Formulaire_exeption
Suivi_chantier_be2;Avance
Suivi_chantier_be2;Banque
Suivi_chantier_be2;Biens
Suivi_chantier_be2;Blocage_Heures
Suivi_chantier_be2;Carnet_Facture
Suivi_chantier_be2;Carnet_MO
Suivi_chantier_be2;Caution
Suivi_chantier_be2;Certificat_Capacite
Suivi_chantier_be2;Chantier_FGX
Suivi_chantier_be2;Client
Suivi_chantier_be2;Code_Barres
Suivi_chantier_be2;Commande
Suivi_chantier_be2;Commande_altup
Suivi_chantier_be2;Commande_Electro
Suivi_chantier_be2;Commande_Hythlodee
Suivi_chantier_be2;Commande_Repartition
Suivi_chantier_be2;Commande_Somethy
Suivi_chantier_be2;Commande_Tonin
Suivi_chantier_be2;Compte_Fournisseur
Suivi_chantier_be2;Compte_Interim_ST
Suivi_chantier_be2;Compteur_Heures
Suivi_chantier_be2;Conditions_Generales
Suivi_chantier_be2;Conditions_Generales_Vente
Suivi_chantier_be2;Conges_Personnel
Suivi_chantier_be2;Conges_Scolaire
Suivi_chantier_be2;Contact_Fournisseur
Suivi_chantier_be2;Contact_Partenaire
Suivi_chantier_be2;Contrat_Cadre_Interim
Suivi_chantier_be2;Contrat_interim
Suivi_chantier_be2;Contrat_Interim_Avenant
Suivi_chantier_be2;Contrat_ST
Suivi_chantier_be2;Coordonnees_ST
Suivi_chantier_be2;Cout_km_Notes_Frais
Suivi_chantier_be2;Date_Controle_Pointage
Suivi_chantier_be2;Deplacement
Suivi_chantier_be2;Echeancier
Suivi_chantier_be2;EnCours_Affaire
Suivi_chantier_be2;Etalonnage_Bien
Suivi_chantier_be2;Facture
Suivi_chantier_be2;Facture_Biens
Suivi_chantier_be2;Facture_client
Suivi_chantier_be2;Facture_Client_Photo
Suivi_chantier_be2;Facture_Client_PJ
Suivi_chantier_be2;Facture_Direct_ST
Suivi_chantier_be2;Facture_Interim
Suivi_chantier_be2;Facture_Ligne_Bible
Suivi_chantier_be2;Facture_Ligne_Bible_Sauv
Suivi_chantier_be2;Facture_Non_Visible
Suivi_chantier_be2;Facture_Relance
Suivi_chantier_be2;Facture_Relance_PJ
Suivi_chantier_be2;Famille_Facture_ligne_Bible
Suivi_chantier_be2;Fiche_Intervention
Suivi_chantier_be2;Formulaire
Suivi_chantier_be2;Fournisseur
Suivi_chantier_be2;Fournisseur_Article_Favori
Suivi_chantier_be2;Fournisseur_Entretien
Suivi_chantier_be2;Fournisseur_Entretien_Item
Suivi_chantier_be2;Fournisseur_Meta_Fournisseur
Suivi_chantier_be2;Fournisseur_Negociation
Suivi_chantier_be2;Fournisseur_Negociation_Montant
Suivi_chantier_be2;Grille_petit_deplacement
Suivi_chantier_be2;Groupe_Proj_Vente
Suivi_chantier_be2;Heures
Suivi_chantier_be2;Idees
Suivi_chantier_be2;Immeuble
Suivi_chantier_be2;Immo_Biens
Suivi_chantier_be2;Import_OD_Salaires_Exeption
Suivi_chantier_be2;Index_FH
Suivi_chantier_be2;Info_commerciale
Suivi_chantier_be2;Info_Salaire_Mois_Personne
Suivi_chantier_be2;Integration_Famille
Suivi_chantier_be2;Integration_Fonction
Suivi_chantier_be2;Integration_Personne
Suivi_chantier_be2;Integration_Tache
Suivi_chantier_be2;Interim
Suivi_chantier_be2;Intervention
Suivi_chantier_be2;Intervention_Affaire
Suivi_chantier_be2;Intervention_Photo
Suivi_chantier_be2;Lettre_Facture
Suivi_chantier_be2;Lien_Affaire_Encours
Suivi_chantier_be2;Lien_Avoir_Facture
Suivi_chantier_be2;Lien_Commande_Appli
Suivi_chantier_be2;Lien_Fact_Four_Fact_Client
Suivi_chantier_be2;Ligne_Commande
Suivi_chantier_be2;Ligne_Commande_altup
Suivi_chantier_be2;Ligne_Commande_Electro
Suivi_chantier_be2;Ligne_Commande_hythlodee
Suivi_chantier_be2;Ligne_Commande_Ordre
Suivi_chantier_be2;Ligne_Commande_Ordre_altup
Suivi_chantier_be2;Ligne_Commande_Ordre_Electro
Suivi_chantier_be2;Ligne_Commande_Ordre_Hythlodee
Suivi_chantier_be2;Ligne_Commande_Ordre_Somethy
Suivi_chantier_be2;Ligne_Commande_Somethy
Suivi_chantier_be2;Ligne_Commande_Tonin
Suivi_chantier_be2;Ligne_Facture
Suivi_chantier_be2;Ligne_livraison
Suivi_chantier_be2;Liste_affectation_Personnel
Suivi_chantier_be2;Liste_Formulaire
Suivi_chantier_be2;Livraison
Suivi_chantier_be2;Marque_Modele
Suivi_chantier_be2;Membre_Groupement
Suivi_chantier_be2;Meta_Affaire
Suivi_chantier_be2;Meta_Fournisseur
Suivi_chantier_be2;Meta_Regroupement
Suivi_chantier_be2;Mois
Suivi_chantier_be2;No_Piece
Suivi_chantier_be2;No_Piece2
Suivi_chantier_be2;Nom_Equipe
Suivi_chantier_be2;Notes
Suivi_chantier_be2;Notes_Frais
Suivi_chantier_be2;OD_Salaires
Suivi_chantier_be2;OS_Depannage
Suivi_chantier_be2;Parametres_Suivi_Affaire
Suivi_chantier_be2;Partenaire
Suivi_chantier_be2;Partenaire_Affaire
Suivi_chantier_be2;Pays
Suivi_chantier_be2;Pays_SVG
Suivi_chantier_be2;Personnel
Suivi_chantier_be2;Personnel_Absences
Suivi_chantier_be2;Personnel_Accident
Suivi_chantier_be2;Personnel_Affectation
Suivi_chantier_be2;Personnel_Application
Suivi_chantier_be2;Personnel_Attente_Sortie
Suivi_chantier_be2;Personnel_Autorisation
Suivi_chantier_be2;Personnel_Bordereau
Suivi_chantier_be2;Personnel_Contrat
Suivi_chantier_be2;Personnel_Ensemble_Ligne_Devis
Suivi_chantier_be2;Personnel_Exclusion
Suivi_chantier_be2;Personnel_Formation
Suivi_chantier_be2;Personnel_Fournisseur
Suivi_chantier_be2;Personnel_Habilitation
Suivi_chantier_be2;Personnel_Historique
Suivi_chantier_be2;Personnel_Ligne_Devis
Suivi_chantier_be2;Personnel_Lot
Suivi_chantier_be2;Personnel_Representant
Suivi_chantier_be2;Personnel_Visite_Medicale
Suivi_chantier_be2;Piece_Contrat_ST
Suivi_chantier_be2;Prime
Suivi_chantier_be2;Profil
Suivi_chantier_be2;Profil_separation
Suivi_chantier_be2;Proj_Resu_Valide
Suivi_chantier_be2;Proj_Vente
Suivi_chantier_be2;Proj_Vente_Groupement
Suivi_chantier_be2;Prorata
Suivi_chantier_be2;References
Suivi_chantier_be2;References_Critere
Suivi_chantier_be2;References_Disposition
Suivi_chantier_be2;Remboursement_Sinistre
Suivi_chantier_be2;Repartition
Suivi_chantier_be2;Retard_Paiement
Suivi_chantier_be2;Salaire_minimum
Suivi_chantier_be2;Sauvegarde_Heures
Suivi_chantier_be2;Site_Internet
Suivi_chantier_be2;Table des erreurs
Suivi_chantier_be2;Temps_travail_mensuel
Suivi_chantier_be2;TVA_Collecte
Suivi_chantier_be2;Type_A
Suivi_chantier_be2;Type_Achat
Suivi_chantier_be2;Type_Achat_Association
Suivi_chantier_be2;Type_Achat_Notes_Frais
Suivi_chantier_be2;Type_Agence
Suivi_chantier_be2;Type_Assurance
Suivi_chantier_be2;Type_Aug
Suivi_chantier_be2;Type_B
Suivi_chantier_be2;Type_Beneficiaire_Caution
Suivi_chantier_be2;Type_C
Suivi_chantier_be2;Type_Caution
Suivi_chantier_be2;Type_Client
Suivi_chantier_be2;Type_Commentaire
Suivi_chantier_be2;Type_Contrat
Suivi_chantier_be2;Type_Delai_Paiement
Suivi_chantier_be2;Type_Depart
Suivi_chantier_be2;Type_Depart_Avis
Suivi_chantier_be2;Type_Doc_ST
Suivi_chantier_be2;Type_E
Suivi_chantier_be2;Type_Etape
Suivi_chantier_be2;Type_Etat_Partenaire
Suivi_chantier_be2;Type_Exclusion
Suivi_chantier_be2;Type_Facturation
Suivi_chantier_be2;Type_Facture_Client_PJ
Suivi_chantier_be2;Type_Fichier
Suivi_chantier_be2;Type_Formation
Suivi_chantier_be2;Type_Genre
Suivi_chantier_be2;Type_H
Suivi_chantier_be2;Type_Habilitation
Suivi_chantier_be2;Type_Heure
Suivi_chantier_be2;Type_Inter
Suivi_chantier_be2;Type_Lot
Suivi_chantier_be2;Type_M
Suivi_chantier_be2;Type_Marche
Suivi_chantier_be2;Type_Medicale
Suivi_chantier_be2;Type_Modalite_Envoi
Suivi_chantier_be2;Type_Motif_Interim
Suivi_chantier_be2;Type_Niveau
Suivi_chantier_be2;Type_Organisme_Caution
Suivi_chantier_be2;Type_Paiement
Suivi_chantier_be2;Type_Piece_ST
Suivi_chantier_be2;Type_Reception
Suivi_chantier_be2;Type_Region
Suivi_chantier_be2;Type_Regroupement
Suivi_chantier_be2;Type_Relance
Suivi_chantier_be2;Type_Societe
Suivi_chantier_be2;Type_Sous_Structure
Suivi_chantier_be2;Type_TVA
Suivi_chantier_be2;Type_Unite
Suivi_chantier_be2;Type_Unite_Temps
Suivi_chantier_be2;Type_Vente
Suivi_chantier_be2;Type_Zone_Scolaire
Technique;Tuyau
Technique;Type_Tuyau
